Name,Category
1,20ft
2,20ft
3,20ft
4,20ft
5,20ft
6,20ft
7,20ft
8,20ft
9,20ft
10,20ft
11,20ft
12,20ft
13,20ft
14,20ft
15,20ft
16,20ft
17,20ft
18,20ft
19,20ft
20,20ft
21,20ft
22,20ft
23,20ft
24,20ft
25,20ft
26,20ft
27,20ft
28,20ft
29,20ft
30,20ft
31,20ft
32,20ft
33,20ft
34,20ft
35,20ft
36,20ft
37,20ft
38,20ft
39,20ft
40,20ft
41,20ft
42,20ft
43,20ft
44,20ft
45,20ft
46,20ft
47,20ft
48,20ft
49,20ft
50,20ft
51,20ft
52,20ft
53,20ft
54,20ft
55,20ft
56,20ft
57,20ft
58,20ft
59,20ft
60,20ft
61,20ft
62,20ft
63,20ft
64,20ft
65,20ft
66,20ft
67,20ft
68,20ft
69,20ft
70,20ft
71,20ft
72,20ft
73,20ft
74,20ft
75,20ft
76,20ft
77,20ft
78,20ft
79,20ft
80,20ft
81,20ft
82,20ft
83,20ft
84,20ft
85,20ft
86,20ft
87,20ft
88,20ft
89,20ft
90,20ft
91,20ft
92,20ft
93,20ft
94,20ft
95,20ft
96,20ft
97,20ft
98,20ft
99,20ft
100,20ft
101,20ft
102,20ft
103,20ft
104,20ft
105,20ft
106,20ft
107,20ft
108,20ft
109,20ft
110,20ft
111,20ft
112,20ft
113,20ft
114,20ft
115,20ft
116,20ft
117,20ft
118,20ft
119,20ft
120,20ft
121,20ft
122,20ft
123,20ft
124,20ft
125,20ft
126,20ft
127,20ft
128,20ft
129,20ft
130,20ft
131,20ft
132,20ft
133,20ft
134,20ft
135,20ft
136,20ft
137,20ft
138,20ft
139,20ft
140,20ft
141,20ft
142,20ft
143,20ft
144,20ft
145,20ft
146,20ft
147,20ft
148,20ft
149,20ft
150,20ft
151,20ft
152,20ft
153,20ft
154,20ft
155,20ft
156,20ft
157,20ft
158,20ft
159,20ft
160,20ft
161,20ft
162,20ft
163,20ft
164,20ft
165,20ft
166,20ft
167,20ft
168,20ft
169,20ft
170,20ft
171,20ft
172,20ft
173,20ft
174,20ft
175,20ft
176,20ft
177,20ft
178,20ft
179,20ft
180,20ft
181,20ft
182,20ft
183,20ft
184,20ft
185,20ft
186,20ft
187,20ft
188,20ft
189,20ft
190,20ft
191,20ft
192,20ft
193,20ft
194,20ft
195,20ft
196,20ft
197,20ft
198,20ft
199,20ft
200,20ft
201,20ft
202,20ft
203,20ft
204,20ft
205,20ft
206,20ft
207,20ft
208,20ft
209,20ft
210,20ft
211,20ft
212,20ft
213,20ft
214,20ft
215,20ft
216,20ft
217,20ft
218,20ft
219,20ft
220,20ft
221,20ft
222,20ft
223,20ft
224,20ft
225,20ft
226,20ft
227,20ft
228,20ft
229,20ft
230,20ft
231,20ft
232,20ft
233,20ft
234,20ft
235,20ft
236,20ft
237,20ft
238,20ft
239,20ft
240,20ft
241,20ft
242,20ft
243,20ft
244,20ft
245,20ft
246,20ft
247,20ft
248,20ft
249,20ft
250,20ft
251,20ft
252,20ft
253,20ft
254,20ft
255,20ft
256,20ft
257,20ft
258,20ft
259,20ft
260,20ft
261,20ft
262,20ft
263,20ft
264,20ft
265,20ft
266,20ft
267,20ft
268,20ft
269,20ft
270,20ft
271,20ft
272,20ft
273,20ft
274,20ft
275,20ft
276,20ft
277,20ft
278,20ft
279,20ft
280,20ft
281,20ft
282,20ft
283,20ft
284,20ft
285,20ft
286,20ft
287,20ft
T1,10ft
T2,10ft
T3,10ft
T4,10ft
T5,10ft
T6,10ft
T7,10ft
T8,10ft
T9,10ft
T10,10ft
T11,10ft
T12,10ft
T13,10ft
T14,10ft
T15,10ft
T16,10ft
T17,10ft
T18,10ft
T19,10ft
T20,10ft
T21,10ft
T22,10ft
T23,10ft
T24,10ft
T25,10ft
T26,10ft
T27,10ft
T28,10ft
T29,10ft
T30,10ft
T31,10ft
T32,10ft
T33,10ft
T34,10ft
1FT,40ft
2FT,40ft
3FT,40ft
4FT,40ft
5FT,40ft
6FT,40ft
7FT,40ft
8FT,40ft
9FT,40ft
10FT,40ft
11FT,40ft
12FT,40ft
13FT,40ft
14FT,40ft
15FT,40ft
16FT,40ft
17FT,40ft
18FT,40ft
19FT,40ft
20FT,40ft
